<?xml version="1.0" encoding="UTF-8"?>
<project-private xmlns="http://www.netbeans.org/ns/project-private/1">
    <editor-bookmarks xmlns="http://www.netbeans.org/ns/editor-bookmarks/2" lastBookmarkId="0"/>
    <open-files xmlns="http://www.netbeans.org/ns/projectui-open-files/2">
        <group>
            <file>file:/D:/CSE%20213/CSE213_FinalFolder_%204__2021601_2022056_2020890_1920768_GulshanModelThana/Gulshan_Model_Thana/src/gulshan_model_thana/AssistantSuperintendentOfPoliceController.java</file>
            <file>file:/D:/CSE%20213/CSE213_FinalFolder_%204__2021601_2022056_2020890_1920768_GulshanModelThana/Gulshan_Model_Thana/src/gulshan_model_thana/SelectUserTypePageController.java</file>
        </group>
    </open-files>
</project-private>
